{
  "bids_meta": {
    "modality": "T1w",
    "subject_id": "06"
  },
  "cjv": 0.5088312910610213,
  "cnr": 2.4278758772941433,
  "efc": 0.7474901658673494,
  "fber": 426.36859130859375,
  "fwhm_avg": 6.224149015785496,
  "fwhm_x": 7.973549346936279,
  "fwhm_y": 7.730609931440674,
  "fwhm_z": 2.9682877689795366,
  "icvs_csf": 0.2284451943678498,
  "icvs_gm": 0.41810517243418244,
  "icvs_wm": 0.35344963319796774,
  "inu_med": 0.9377089738845825,
  "inu_range": 0.24879237413406363,
  "provenance": {
    "md5sum": "aeef1d4173e17153f21902103f44ec22",
    "settings": {
      "testing": false
    },
    "software": "mriqc",
    "version": "0.9.7",
    "warnings": {
      "large_rot_frame": true,
      "small_air_mask": false
    }
  },
  "qi_1": 0.0,
  "qi_2": 0.0006335404632298887,
  "rpve_csf": 8.246508013073942,
  "rpve_gm": 4.705512854406547,
  "rpve_wm": 6.452781417880321,
  "size_x": 361,
  "size_y": 445,
  "size_z": 66,
  "snr_csf": 2.3969032673218713,
  "snr_gm": 14.19147090114053,
  "snr_total": 11.609774744368272,
  "snr_wm": 18.24095006464241,
  "snrd_csf": 14.301118393080799,
  "snrd_gm": 23.278272740425095,
  "snrd_total": 22.33689043257706,
  "snrd_wm": 29.43128016422529,
  "spacing_x": 0.46880000829696655,
  "spacing_y": 0.46880000829696655,
  "spacing_z": 2.0000452995300293,
  "summary_bg_k": 275.4325076919303,
  "summary_bg_mad": 22.219913482666016,
  "summary_bg_mean": 39.873069763183594,
  "summary_bg_median": 34.25384521484375,
  "summary_bg_n": 2432886.0,
  "summary_bg_p05": 8.374171257019043,
  "summary_bg_p95": 84.89396476745605,
  "summary_bg_stdv": 36.035972595214844,
  "summary_csf_k": 20.194103700422843,
  "summary_csf_mad": 110.94217681884766,
  "summary_csf_mean": 503.80194091796875,
  "summary_csf_median": 485.04345703125,
  "summary_csf_n": 599006.0,
  "summary_csf_p05": 308.9720993041992,
  "summary_csf_p95": 648.3456726074219,
  "summary_csf_stdv": 202.3623809814453,
  "summary_gm_k": -0.023990019025439402,
  "summary_gm_mad": 56.07356643676758,
  "summary_gm_mean": 791.4381713867188,
  "summary_gm_median": 789.516845703125,
  "summary_gm_n": 927897.0,
  "summary_gm_p05": 703.0599731445312,
  "summary_gm_p95": 885.7914184570311,
  "summary_gm_stdv": 55.63316345214844,
  "summary_wm_k": 3.323580440001005,
  "summary_wm_mad": 50.11356735229492,
  "summary_wm_mean": 1001.244873046875,
  "summary_wm_median": 998.2051391601562,
  "summary_wm_n": 1024069.0,
  "summary_wm_p05": 919.69306640625,
  "summary_wm_p95": 1088.76787109375,
  "summary_wm_stdv": 54.72328186035156,
  "tpm_overlap_csf": 0.2115904688835144,
  "tpm_overlap_gm": 0.49285247921943665,
  "tpm_overlap_wm": 0.542259156703949,
  "wm2max": 0.5246274387729499
}