{
  "bids_meta": {
    "modality": "T1w",
    "subject_id": "09"
  },
  "cjv": 0.6672401025973298,
  "cnr": 1.9985970722783937,
  "efc": 0.7414359210825444,
  "fber": 428.8058166503906,
  "fwhm_avg": 6.761409687567571,
  "fwhm_x": 8.501002409273607,
  "fwhm_y": 8.573762646893725,
  "fwhm_z": 3.2094640065353826,
  "icvs_csf": 0.20634322095465554,
  "icvs_gm": 0.4271056477340472,
  "icvs_wm": 0.36655113131129724,
  "inu_med": 0.7220699787139893,
  "inu_range": 0.23791559040546417,
  "provenance": {
    "md5sum": "07206aa557049219dafb41c0c69176bb",
    "settings": {
      "testing": false
    },
    "software": "mriqc",
    "version": "0.9.7",
    "warnings": {
      "large_rot_frame": true,
      "small_air_mask": false
    }
  },
  "qi_1": 0.0,
  "qi_2": 0.0005124388808597626,
  "rpve_csf": 9.650836674547024,
  "rpve_gm": 4.998041127180351,
  "rpve_wm": 6.788869303362517,
  "size_x": 358,
  "size_y": 433,
  "size_z": 66,
  "snr_csf": 3.2261640061691237,
  "snr_gm": 12.773998611537179,
  "snr_total": 11.539837099742215,
  "snr_wm": 18.61934868152034,
  "snrd_csf": 14.735944826060875,
  "snrd_gm": 23.85106018740026,
  "snrd_total": 22.50034767505331,
  "snrd_wm": 28.914038011698793,
  "spacing_x": 0.46880000829696655,
  "spacing_y": 0.46880000829696655,
  "spacing_z": 2.0003371238708496,
  "summary_bg_k": 8.577641593254521,
  "summary_bg_mad": 22.696353912353516,
  "summary_bg_mean": 39.49076843261719,
  "summary_bg_median": 35.243167877197266,
  "summary_bg_n": 2244811.0,
  "summary_bg_p05": 8.118902683258057,
  "summary_bg_p95": 84.72859573364258,
  "summary_bg_stdv": 24.973783493041992,
  "summary_csf_k": 25.86215387162636,
  "summary_csf_mad": 129.2856903076172,
  "summary_csf_mean": 516.4946899414062,
  "summary_csf_median": 510.5077819824219,
  "summary_csf_n": 458701.0,
  "summary_csf_p05": 326.0595397949219,
  "summary_csf_p95": 691.4326171875,
  "summary_csf_stdv": 158.2397003173828,
  "summary_gm_k": -0.08182705354223652,
  "summary_gm_mad": 65.6572265625,
  "summary_gm_mean": 828.7698364257812,
  "summary_gm_median": 826.2891845703125,
  "summary_gm_n": 853240.0,
  "summary_gm_p05": 726.7167816162109,
  "summary_gm_p95": 939.2769378662109,
  "summary_gm_stdv": 64.6852035522461,
  "summary_wm_k": 1.1906863814029185,
  "summary_wm_mad": 51.37690734863281,
  "summary_wm_mean": 1006.2230834960938,
  "summary_wm_median": 1001.6895141601562,
  "summary_wm_n": 942270.0,
  "summary_wm_p05": 926.148681640625,
  "summary_wm_p95": 1101.4492553710936,
  "summary_wm_stdv": 53.798282623291016,
  "tpm_overlap_csf": 0.2371109575033188,
  "tpm_overlap_gm": 0.5217602849006653,
  "tpm_overlap_wm": 0.5562620759010315,
  "wm2max": 0.5151908080381185
}