{
  "bids_meta": {
    "modality": "T1w",
    "subject_id": "20"
  },
  "cjv": 0.4575445244422047,
  "cnr": 2.877190010601601,
  "efc": 0.6999803393296815,
  "fber": 584.0107421875,
  "fwhm_avg": 6.926512821140037,
  "fwhm_x": 8.71128397551785,
  "fwhm_y": 8.80667646529714,
  "fwhm_z": 3.26157802260512,
  "icvs_csf": 0.2301006680385236,
  "icvs_gm": 0.40102546880314666,
  "icvs_wm": 0.36887386315832976,
  "inu_med": 0.7844480276107788,
  "inu_range": 0.1864246398210525,
  "provenance": {
    "md5sum": "15664bb7cea29dce611a53c085a389f9",
    "settings": {
      "testing": false
    },
    "software": "mriqc",
    "version": "0.9.7",
    "warnings": {
      "large_rot_frame": true,
      "small_air_mask": false
    }
  },
  "qi_1": 0.0,
  "qi_2": 0.00036936890900217027,
  "rpve_csf": 9.337404185227925,
  "rpve_gm": 5.378873740446027,
  "rpve_wm": 6.981740650795514,
  "size_x": 359,
  "size_y": 457,
  "size_z": 72,
  "snr_csf": 4.149976782474451,
  "snr_gm": 15.09877859740499,
  "snr_total": 14.389741550078043,
  "snr_wm": 23.920469270354683,
  "snrd_csf": 17.982375760027058,
  "snrd_gm": 29.48751285064603,
  "snrd_total": 28.201554059620946,
  "snrd_wm": 37.13477356818975,
  "spacing_x": 0.46880000829696655,
  "spacing_y": 0.46880000829696655,
  "spacing_z": 2.0000686645507812,
  "summary_bg_k": 232.5790868723519,
  "summary_bg_mad": 17.55634307861328,
  "summary_bg_mean": 31.575345993041992,
  "summary_bg_median": 27.979076385498047,
  "summary_bg_n": 3184201.0,
  "summary_bg_p05": 7.187342643737793,
  "summary_bg_p95": 65.55104064941406,
  "summary_bg_stdv": 24.564624786376953,
  "summary_csf_k": 18.200286434710584,
  "summary_csf_mad": 111.20039367675781,
  "summary_csf_mean": 477.6297607421875,
  "summary_csf_median": 481.89166259765625,
  "summary_csf_n": 602470.0,
  "summary_csf_p05": 307.8838851928711,
  "summary_csf_p95": 627.585073852539,
  "summary_csf_stdv": 116.11902618408203,
  "summary_gm_k": -0.12987458036612543,
  "summary_gm_mad": 53.21849060058594,
  "summary_gm_mean": 791.5311889648438,
  "summary_gm_median": 790.206298828125,
  "summary_gm_n": 886495.0,
  "summary_gm_p05": 707.5126708984375,
  "summary_gm_p95": 879.81494140625,
  "summary_gm_stdv": 52.33574676513672,
  "summary_wm_k": 0.8034661690354259,
  "summary_wm_mad": 40.54669189453125,
  "summary_wm_mean": 996.0245361328125,
  "summary_wm_median": 995.1375732421875,
  "summary_wm_n": 1073687.0,
  "summary_wm_p05": 929.3346252441406,
  "summary_wm_p95": 1065.096240234375,
  "summary_wm_stdv": 41.601905822753906,
  "tpm_overlap_csf": 0.23847390711307526,
  "tpm_overlap_gm": 0.5141517519950867,
  "tpm_overlap_wm": 0.5765536427497864,
  "wm2max": 0.5710931845513066
}