{
  "bids_meta": {
    "modality": "T1w",
    "subject_id": "21"
  },
  "cjv": 0.45145296300341514,
  "cnr": 2.9727678775324318,
  "efc": 0.646982491806468,
  "fber": 720.505615234375,
  "fwhm_avg": 6.9368060256670345,
  "fwhm_x": 8.741446091024988,
  "fwhm_y": 8.890016907508162,
  "fwhm_z": 3.1789550784679514,
  "icvs_csf": 0.2060364835059165,
  "icvs_gm": 0.4301262080316638,
  "icvs_wm": 0.36383730846241974,
  "inu_med": 0.7216917276382446,
  "inu_range": 0.16818934082984915,
  "provenance": {
    "md5sum": "88a3ba32126f6a043f2e75ad09341dc2",
    "settings": {
      "testing": false
    },
    "software": "mriqc",
    "version": "0.9.7",
    "warnings": {
      "large_rot_frame": true,
      "small_air_mask": false
    }
  },
  "qi_1": 0.0,
  "qi_2": 0.0005722250318881922,
  "rpve_csf": 13.332690940343637,
  "rpve_gm": 6.803283363535087,
  "rpve_wm": 9.28950326740699,
  "size_x": 356,
  "size_y": 481,
  "size_z": 66,
  "snr_csf": 4.525846723970981,
  "snr_gm": 14.976186421116703,
  "snr_total": 14.35395650547711,
  "snr_wm": 23.559836371343646,
  "snrd_csf": 19.155660672290463,
  "snrd_gm": 32.63419335394599,
  "snrd_total": 31.024525500520756,
  "snrd_wm": 41.283722475325824,
  "spacing_x": 0.46880000829696655,
  "spacing_y": 0.46880000829696655,
  "spacing_z": 2.000100612640381,
  "summary_bg_k": 25.14903419478453,
  "summary_bg_mad": 15.787836074829102,
  "summary_bg_mean": 28.485605239868164,
  "summary_bg_median": 24.965208053588867,
  "summary_bg_n": 2865040.0,
  "summary_bg_p05": 6.485944080352783,
  "summary_bg_p95": 60.94096546173094,
  "summary_bg_stdv": 19.381393432617188,
  "summary_csf_k": -0.2659968511798865,
  "summary_csf_mad": 114.2266845703125,
  "summary_csf_mean": 455.14306640625,
  "summary_csf_median": 461.6236267089844,
  "summary_csf_n": 370028.0,
  "summary_csf_p05": 287.9003021240234,
  "summary_csf_p95": 609.5499938964844,
  "summary_csf_stdv": 101.9970474243164,
  "summary_gm_k": -0.15314986117171792,
  "summary_gm_mad": 53.58244323730469,
  "summary_gm_mean": 788.3021850585938,
  "summary_gm_median": 786.4367065429688,
  "summary_gm_n": 698903.0,
  "summary_gm_p05": 704.9988952636719,
  "summary_gm_p95": 877.8151489257813,
  "summary_gm_stdv": 52.51244354248047,
  "summary_wm_k": 0.4687201282311655,
  "summary_wm_mad": 40.5189094543457,
  "summary_wm_mean": 996.1101684570312,
  "summary_wm_median": 994.8778076171875,
  "summary_wm_n": 751999.0,
  "summary_wm_p05": 928.6987731933593,
  "summary_wm_p95": 1067.2703125,
  "summary_wm_stdv": 42.22767639160156,
  "tpm_overlap_csf": 0.24685560166835785,
  "tpm_overlap_gm": 0.5312679409980774,
  "tpm_overlap_wm": 0.5821626782417297,
  "wm2max": 0.5772428743127771
}