{
  "bids_meta": {
    "modality": "T1w",
    "subject_id": "03"
  },
  "cjv": 0.5832682615433321,
  "cnr": 2.2949340317848885,
  "efc": 0.7123890005788696,
  "fber": 517.832275390625,
  "fwhm_avg": 7.240456979275486,
  "fwhm_x": 8.88882236828016,
  "fwhm_y": 9.458980208018682,
  "fwhm_z": 3.3735683615276164,
  "icvs_csf": 0.21482076904070418,
  "icvs_gm": 0.4308418535911999,
  "icvs_wm": 0.3543373773680959,
  "inu_med": 0.8840266466140747,
  "inu_range": 0.31129373013973227,
  "provenance": {
    "md5sum": "6f585fe778ac50db0ed1f07d003af33c",
    "settings": {
      "testing": false
    },
    "software": "mriqc",
    "version": "0.9.7",
    "warnings": {
      "large_rot_frame": true,
      "small_air_mask": false
    }
  },
  "qi_1": 0.0,
  "qi_2": 0.00033967691280756436,
  "rpve_csf": 13.073272442465388,
  "rpve_gm": 6.992022756022421,
  "rpve_wm": 9.617988825844147,
  "size_x": 360,
  "size_y": 469,
  "size_z": 93,
  "snr_csf": 3.3567774403038304,
  "snr_gm": 14.603685528169304,
  "snr_total": 12.623233147501542,
  "snr_wm": 19.90923647403149,
  "snrd_csf": 17.50734247610231,
  "snrd_gm": 27.440745290747305,
  "snrd_total": 26.134870653247606,
  "snrd_wm": 33.456524192893205,
  "spacing_x": 0.46880000829696655,
  "spacing_y": 0.46880000829696655,
  "spacing_z": 2.000247001647949,
  "summary_bg_k": 19.799357260191965,
  "summary_bg_mad": 19.567604064941406,
  "summary_bg_mean": 34.50480651855469,
  "summary_bg_median": 30.800195693969727,
  "summary_bg_n": 4026955.0,
  "summary_bg_p05": 7.911700010299683,
  "summary_bg_p95": 73.25838394165038,
  "summary_bg_stdv": 21.46980094909668,
  "summary_csf_k": 22.083699716795252,
  "summary_csf_mad": 122.11203002929688,
  "summary_csf_mean": 526.6997680664062,
  "summary_csf_median": 522.9090576171875,
  "summary_csf_n": 562370.0,
  "summary_csf_p05": 336.1082244873047,
  "summary_csf_p95": 686.9728607177733,
  "summary_csf_stdv": 155.77696228027344,
  "summary_gm_k": -0.008161625671150752,
  "summary_gm_mad": 55.812591552734375,
  "summary_gm_mean": 821.4221801757812,
  "summary_gm_median": 819.5997924804688,
  "summary_gm_n": 974905.0,
  "summary_gm_p05": 731.6064453125,
  "summary_gm_p95": 916.9698608398437,
  "summary_gm_stdv": 56.12277603149414,
  "summary_wm_k": 0.5908853808935293,
  "summary_wm_mad": 48.988582611083984,
  "summary_wm_mean": 1002.911865234375,
  "summary_wm_median": 999.2789916992188,
  "summary_wm_n": 1015977.0,
  "summary_wm_p05": 926.9634399414062,
  "summary_wm_p95": 1090.693115234375,
  "summary_wm_stdv": 50.19170379638672,
  "tpm_overlap_csf": 0.2421340048313141,
  "tpm_overlap_gm": 0.5129064321517944,
  "tpm_overlap_wm": 0.5441857576370239,
  "wm2max": 0.5129691978602289
}