{
  "bids_meta": {
    "modality": "T1w",
    "subject_id": "13"
  },
  "cjv": 0.4646101894299005,
  "cnr": 2.9295492239032077,
  "efc": 0.656064422980743,
  "fber": 780.2940673828125,
  "fwhm_avg": 6.813413010550641,
  "fwhm_x": 8.21825924021625,
  "fwhm_y": 9.001898304845458,
  "fwhm_z": 3.220081486590215,
  "icvs_csf": 0.2145824797565778,
  "icvs_gm": 0.43042872592493453,
  "icvs_wm": 0.3549887943184877,
  "inu_med": 0.7183003425598145,
  "inu_range": 0.17821394801139823,
  "provenance": {
    "md5sum": "7c8a647f9e2520c8523d0f38e293a468",
    "settings": {
      "testing": false
    },
    "software": "mriqc",
    "version": "0.9.7",
    "warnings": {
      "large_rot_frame": true,
      "small_air_mask": false
    }
  },
  "qi_1": 0.0,
  "qi_2": 0.0010197428320563346,
  "rpve_csf": 12.422282471676409,
  "rpve_gm": 6.710643382928401,
  "rpve_wm": 9.33418432983471,
  "size_x": 356,
  "size_y": 486,
  "size_z": 74,
  "snr_csf": 2.9661286779116494,
  "snr_gm": 15.568054879163942,
  "snr_total": 14.127686088481601,
  "snr_wm": 23.84887470836921,
  "snrd_csf": 22.10025454900301,
  "snrd_gm": 33.53278551089002,
  "snrd_total": 32.51591941606173,
  "snrd_wm": 41.914718188292156,
  "spacing_x": 0.46880000829696655,
  "spacing_y": 0.46880000829696655,
  "spacing_z": 1.999983549118042,
  "summary_bg_k": 5.404798606471106,
  "summary_bg_mad": 15.552177429199219,
  "summary_bg_mean": 27.780256271362305,
  "summary_bg_median": 25.25586700439453,
  "summary_bg_n": 3387798.0,
  "summary_bg_p05": 6.69798321723938,
  "summary_bg_p95": 57.47931423187256,
  "summary_bg_stdv": 16.064462661743164,
  "summary_csf_k": 17.69903382852373,
  "summary_csf_mad": 107.22307586669922,
  "summary_csf_mean": 532.9409790039062,
  "summary_csf_median": 524.6343994140625,
  "summary_csf_n": 459765.0,
  "summary_csf_p05": 333.54747314453124,
  "summary_csf_p95": 674.2234130859375,
  "summary_csf_stdv": 176.87493896484375,
  "summary_gm_k": -0.11129832040343945,
  "summary_gm_mad": 51.9140625,
  "summary_gm_mean": 797.0645751953125,
  "summary_gm_median": 796.0294189453125,
  "summary_gm_n": 812597.0,
  "summary_gm_p05": 714.7586059570312,
  "summary_gm_p95": 882.7824340820312,
  "summary_gm_stdv": 51.1322021484375,
  "summary_wm_k": 0.733010888484285,
  "summary_wm_mad": 40.53284454345703,
  "summary_wm_mean": 996.5136108398438,
  "summary_wm_median": 995.0067749023438,
  "summary_wm_n": 859122.0,
  "summary_wm_p05": 930.5701385498047,
  "summary_wm_p95": 1066.7840576171875,
  "summary_wm_stdv": 41.72130584716797,
  "tpm_overlap_csf": 0.2271822988986969,
  "tpm_overlap_gm": 0.5199191570281982,
  "tpm_overlap_wm": 0.5604742169380188,
  "wm2max": 0.5808907366140958
}