{
  "bids_meta": {
    "modality": "T1w",
    "subject_id": "08"
  },
  "cjv": 0.4315453197997479,
  "cnr": 3.1258802723490904,
  "efc": 0.6919491724491144,
  "fber": 713.57958984375,
  "fwhm_avg": 6.491715024402848,
  "fwhm_x": 7.842981943103757,
  "fwhm_y": 8.536945241401986,
  "fwhm_z": 3.095217888702803,
  "icvs_csf": 0.22197926390537567,
  "icvs_gm": 0.43022857314000273,
  "icvs_wm": 0.3477921629546216,
  "inu_med": 0.8538809418678284,
  "inu_range": 0.1928850889205933,
  "provenance": {
    "md5sum": "971845b7fa9a6106e59888ab7bc8f35c",
    "settings": {
      "testing": false
    },
    "software": "mriqc",
    "version": "0.9.7",
    "warnings": {
      "large_rot_frame": true,
      "small_air_mask": false
    }
  },
  "qi_1": 2.4869108552593013e-06,
  "qi_2": 0.0008611590683412097,
  "rpve_csf": 10.364313435914838,
  "rpve_gm": 5.610210050377245,
  "rpve_wm": 7.864096104044398,
  "size_x": 356,
  "size_y": 415,
  "size_z": 74,
  "snr_csf": 3.1184224978859376,
  "snr_gm": 15.689863928365803,
  "snr_total": 14.034798749459574,
  "snr_wm": 23.296109822126976,
  "snrd_csf": 19.484732365702254,
  "snrd_gm": 32.859469311880254,
  "snrd_total": 31.3739370407818,
  "snrd_wm": 41.7776094447629,
  "spacing_x": 0.46880000829696655,
  "spacing_y": 0.46880000829696655,
  "spacing_z": 1.999923825263977,
  "summary_bg_k": 21.4420670030781,
  "summary_bg_mad": 15.577398300170898,
  "summary_bg_mean": 27.690744400024414,
  "summary_bg_median": 24.72681427001953,
  "summary_bg_n": 2814730.0,
  "summary_bg_p05": 6.265515232086182,
  "summary_bg_p95": 58.68916549682616,
  "summary_bg_stdv": 17.43140411376953,
  "summary_csf_k": 25.767141787831395,
  "summary_csf_mad": 108.68305206298828,
  "summary_csf_mean": 469.09722900390625,
  "summary_csf_median": 463.2950439453125,
  "summary_csf_n": 503931.0,
  "summary_csf_p05": 300.0531768798828,
  "summary_csf_p95": 612.2217102050781,
  "summary_csf_stdv": 148.5669708251953,
  "summary_gm_k": -0.08678130792153249,
  "summary_gm_mad": 50.246002197265625,
  "summary_gm_mean": 782.4317016601562,
  "summary_gm_median": 781.3106689453125,
  "summary_gm_n": 838230.0,
  "summary_gm_p05": 702.2072509765625,
  "summary_gm_p95": 866.3072662353516,
  "summary_gm_stdv": 49.7971305847168,
  "summary_wm_k": 0.5076038731399795,
  "summary_wm_mad": 41.26301956176758,
  "summary_wm_mean": 993.8139038085938,
  "summary_wm_median": 993.3602905273438,
  "summary_wm_n": 848755.0,
  "summary_wm_p05": 924.1336120605469,
  "summary_wm_p95": 1063.9049072265625,
  "summary_wm_stdv": 42.64058303833008,
  "tpm_overlap_csf": 0.2382715940475464,
  "tpm_overlap_gm": 0.5259760022163391,
  "tpm_overlap_wm": 0.5627297163009644,
  "wm2max": 0.5704985704004361
}