{
  "bids_meta": {
    "modality": "T1w",
    "subject_id": "07"
  },
  "cjv": 0.5920305087518404,
  "cnr": 2.257499413509736,
  "efc": 0.672904738432313,
  "fber": 490.654541015625,
  "fwhm_avg": 6.889251659576182,
  "fwhm_x": 8.45249558419353,
  "fwhm_y": 8.922376121952524,
  "fwhm_z": 3.292883272582495,
  "icvs_csf": 0.20894788802972442,
  "icvs_gm": 0.41836056302014607,
  "icvs_wm": 0.3726915489501295,
  "inu_med": 0.8563583493232727,
  "inu_range": 0.2548529267311096,
  "provenance": {
    "md5sum": "cf251b993986cd54f64a293def3623fc",
    "settings": {
      "testing": false
    },
    "software": "mriqc",
    "version": "0.9.7",
    "warnings": {
      "large_rot_frame": true,
      "small_air_mask": false
    }
  },
  "qi_1": 1.6852055324816144e-06,
  "qi_2": 0.0005574133897071716,
  "rpve_csf": 13.343944092542795,
  "rpve_gm": 7.068098668586606,
  "rpve_wm": 9.226580639032846,
  "size_x": 358,
  "size_y": 488,
  "size_z": 88,
  "snr_csf": 3.1632494589094553,
  "snr_gm": 13.583697971268053,
  "snr_total": 11.931002540174537,
  "snr_wm": 19.0460601903461,
  "snrd_csf": 16.56594789490535,
  "snrd_gm": 26.236728115242396,
  "snrd_total": 25.02297434983859,
  "snrd_wm": 32.266247039368025,
  "spacing_x": 0.46880000829696655,
  "spacing_y": 0.46880000829696655,
  "spacing_z": 2.00009822845459,
  "summary_bg_k": 25.43843598278976,
  "summary_bg_mad": 20.269989013671875,
  "summary_bg_mean": 35.94808578491211,
  "summary_bg_median": 32.157169342041016,
  "summary_bg_n": 4153789.0,
  "summary_bg_p05": 8.19304256439209,
  "summary_bg_p95": 75.80962677001952,
  "summary_bg_stdv": 22.587488174438477,
  "summary_csf_k": 23.407702044680658,
  "summary_csf_mad": 124.71687316894531,
  "summary_csf_mean": 512.9384765625,
  "summary_csf_median": 512.5521850585938,
  "summary_csf_n": 510906.0,
  "summary_csf_p05": 316.6941680908203,
  "summary_csf_p95": 674.0956726074219,
  "summary_csf_stdv": 162.0332794189453,
  "summary_gm_k": -0.1561547197700559,
  "summary_gm_mad": 61.100242614746094,
  "summary_gm_mean": 813.4712524414062,
  "summary_gm_median": 811.7671508789062,
  "summary_gm_n": 881906.0,
  "summary_gm_p05": 717.7783508300781,
  "summary_gm_p95": 914.4232940673828,
  "summary_gm_stdv": 59.76036071777344,
  "summary_wm_k": 1.5818801063352508,
  "summary_wm_mad": 49.34539031982422,
  "summary_wm_mean": 1002.4513549804688,
  "summary_wm_median": 998.3211059570312,
  "summary_wm_n": 1033274.0,
  "summary_wm_p05": 924.4736938476562,
  "summary_wm_p95": 1093.5015502929687,
  "summary_wm_stdv": 52.41612243652344,
  "tpm_overlap_csf": 0.25967898964881897,
  "tpm_overlap_gm": 0.5261341333389282,
  "tpm_overlap_wm": 0.5733126997947693,
  "wm2max": 0.5018161448128378
}