{
  "bids_meta": {
    "modality": "T1w",
    "subject_id": "18"
  },
  "cjv": 0.6494632426002923,
  "cnr": 2.0197549665482053,
  "efc": 0.7018816874532787,
  "fber": 457.1982116699219,
  "fwhm_avg": 6.826726318422142,
  "fwhm_x": 8.379479373881699,
  "fwhm_y": 8.96970973886224,
  "fwhm_z": 3.130989842522487,
  "icvs_csf": 0.2261818158890669,
  "icvs_gm": 0.43341023680984775,
  "icvs_wm": 0.34040794730108537,
  "inu_med": 0.7975505590438843,
  "inu_range": 0.2704083442687988,
  "provenance": {
    "md5sum": "789d6ac336c3ca98c4c52df3ece17a44",
    "settings": {
      "testing": false
    },
    "software": "mriqc",
    "version": "0.9.7",
    "warnings": {
      "large_rot_frame": true,
      "small_air_mask": false
    }
  },
  "qi_1": 0.0,
  "qi_2": 0.0005108002672591578,
  "rpve_csf": 11.079425999845437,
  "rpve_gm": 6.101005339371842,
  "rpve_wm": 8.626713952792793,
  "size_x": 357,
  "size_y": 487,
  "size_z": 72,
  "snr_csf": 2.6332886935915782,
  "snr_gm": 13.247002382138119,
  "snr_total": 10.816316062801775,
  "snr_wm": 16.56865711267563,
  "snrd_csf": 15.993828485984174,
  "snrd_gm": 25.434348725591192,
  "snrd_total": 24.15632801857843,
  "snrd_wm": 31.040806844159924,
  "spacing_x": 0.46880000829696655,
  "spacing_y": 0.46880000829696655,
  "spacing_z": 1.9999362230300903,
  "summary_bg_k": 6.898412735967021,
  "summary_bg_mad": 21.088516235351562,
  "summary_bg_mean": 36.90229034423828,
  "summary_bg_median": 32.93782043457031,
  "summary_bg_n": 3152883.0,
  "summary_bg_p05": 8.059322357177734,
  "summary_bg_p95": 78.95276870727537,
  "summary_bg_stdv": 22.961566925048828,
  "summary_csf_k": 19.69667814479388,
  "summary_csf_mad": 120.12319946289062,
  "summary_csf_mean": 533.493896484375,
  "summary_csf_median": 514.8334350585938,
  "summary_csf_n": 556186.0,
  "summary_csf_p05": 333.89371490478516,
  "summary_csf_p95": 700.7186737060547,
  "summary_csf_stdv": 195.50950622558594,
  "summary_gm_k": -0.13432780700478952,
  "summary_gm_mad": 62.610443115234375,
  "summary_gm_mean": 820.8417358398438,
  "summary_gm_median": 818.7191162109375,
  "summary_gm_n": 889784.0,
  "summary_gm_p05": 722.4192596435546,
  "summary_gm_p95": 926.2261840820313,
  "summary_gm_stdv": 61.80406951904297,
  "summary_wm_k": 2.916650055738475,
  "summary_wm_mad": 54.59761428833008,
  "summary_wm_mean": 1005.0731201171875,
  "summary_wm_median": 999.188232421875,
  "summary_wm_n": 875938.0,
  "summary_wm_p05": 918.3787231445312,
  "summary_wm_p95": 1107.6934814453125,
  "summary_wm_stdv": 60.30589294433594,
  "tpm_overlap_csf": 0.21952322125434875,
  "tpm_overlap_gm": 0.5125067234039307,
  "tpm_overlap_wm": 0.5416852235794067,
  "wm2max": 0.5156655384034439
}