{
  "bids_meta": {
    "modality": "T1w",
    "subject_id": "25"
  },
  "cjv": 0.580203024119071,
  "cnr": 2.3378184561577307,
  "efc": 0.7032295876454868,
  "fber": 686.9164428710938,
  "fwhm_avg": 7.003877758460681,
  "fwhm_x": 8.646821519320843,
  "fwhm_y": 9.060516051248296,
  "fwhm_z": 3.3042957048129047,
  "icvs_csf": 0.23228491893259456,
  "icvs_gm": 0.4030825868860219,
  "icvs_wm": 0.36463249418138355,
  "inu_med": 0.5684505701065063,
  "inu_range": 0.16194378435611717,
  "provenance": {
    "md5sum": "14646c55aaceff610bdc5676478ba21d",
    "settings": {
      "testing": false
    },
    "software": "mriqc",
    "version": "0.9.7",
    "warnings": {
      "large_rot_frame": true,
      "small_air_mask": false
    }
  },
  "qi_1": 0.0,
  "qi_2": 0.0007000921026744253,
  "rpve_csf": 10.285928135675722,
  "rpve_gm": 6.01316349460352,
  "rpve_wm": 7.840142960582206,
  "size_x": 356,
  "size_y": 456,
  "size_z": 72,
  "snr_csf": 3.3577915889548424,
  "snr_gm": 14.397959316632202,
  "snr_total": 13.482120762397296,
  "snr_wm": 22.690611381604846,
  "snrd_csf": 20.150019476991513,
  "snrd_gm": 33.31846097808569,
  "snrd_total": 31.265979999358887,
  "snrd_wm": 40.32945954299945,
  "spacing_x": 0.46880000829696655,
  "spacing_y": 0.46880000829696655,
  "spacing_z": 2.0000510215759277,
  "summary_bg_k": 3.4030964462374858,
  "summary_bg_mad": 16.22663116455078,
  "summary_bg_mean": 28.453277587890625,
  "summary_bg_median": 25.491727828979492,
  "summary_bg_n": 2504164.0,
  "summary_bg_p05": 6.392089033126831,
  "summary_bg_p95": 60.71165828704835,
  "summary_bg_stdv": 17.152502059936523,
  "summary_csf_k": 23.111414529410467,
  "summary_csf_mad": 118.40892028808594,
  "summary_csf_mean": 506.6630859375,
  "summary_csf_median": 499.0822448730469,
  "summary_csf_n": 559803.0,
  "summary_csf_p05": 329.62677917480465,
  "summary_csf_p95": 667.0218383789063,
  "summary_csf_stdv": 148.63394165039062,
  "summary_gm_k": -0.12320547632000034,
  "summary_gm_mad": 57.832664489746094,
  "summary_gm_mean": 826.8252563476562,
  "summary_gm_median": 825.2424926757812,
  "summary_gm_n": 799586.0,
  "summary_gm_p05": 734.7780456542969,
  "summary_gm_p95": 924.3516998291016,
  "summary_gm_stdv": 57.316593170166016,
  "summary_wm_k": 0.516551392511905,
  "summary_wm_mad": 42.91999435424805,
  "summary_wm_mean": 1001.4312744140625,
  "summary_wm_median": 998.8931884765625,
  "summary_wm_n": 941671.0,
  "summary_wm_p05": 933.274169921875,
  "summary_wm_p95": 1077.1928100585938,
  "summary_wm_stdv": 44.02228927612305,
  "tpm_overlap_csf": 0.24670477211475372,
  "tpm_overlap_gm": 0.5153151154518127,
  "tpm_overlap_wm": 0.5896673202514648,
  "wm2max": 0.5677223827261663
}