{
  "bids_meta": {
    "modality": "T1w",
    "subject_id": "10"
  },
  "cjv": 0.6582077387906592,
  "cnr": 2.061093317595484,
  "efc": 0.682075775174312,
  "fber": 532.0565795898438,
  "fwhm_avg": 7.33635259923177,
  "fwhm_x": 9.093301886845518,
  "fwhm_y": 9.51623276673237,
  "fwhm_z": 3.399523144117422,
  "icvs_csf": 0.2282999977098971,
  "icvs_gm": 0.40642714674757,
  "icvs_wm": 0.3652728555425329,
  "inu_med": 0.6845600008964539,
  "inu_range": 0.23029649257659912,
  "provenance": {
    "md5sum": "b525e5a1053e0f24a18efb14d8b2e2a8",
    "settings": {
      "testing": false
    },
    "software": "mriqc",
    "version": "0.9.7",
    "warnings": {
      "large_rot_frame": true,
      "small_air_mask": false
    }
  },
  "qi_1": 0.0,
  "qi_2": 0.0006200201365988379,
  "rpve_csf": 11.075148012059334,
  "rpve_gm": 6.259183609875702,
  "rpve_wm": 8.137072460697997,
  "size_x": 358,
  "size_y": 492,
  "size_z": 86,
  "snr_csf": 4.088656166222724,
  "snr_gm": 13.228192069532206,
  "snr_total": 12.363633260121247,
  "snr_wm": 19.774051544608817,
  "snrd_csf": 17.20302736447431,
  "snrd_gm": 28.158403381688412,
  "snrd_total": 26.446527403374628,
  "snrd_wm": 33.97815146396116,
  "spacing_x": 0.46880000829696655,
  "spacing_y": 0.46880000829696655,
  "spacing_z": 2.0000569820404053,
  "summary_bg_k": 9.94649737676373,
  "summary_bg_mad": 19.28964614868164,
  "summary_bg_mean": 33.77107238769531,
  "summary_bg_median": 30.358139038085938,
  "summary_bg_n": 4200673.0,
  "summary_bg_p05": 7.471428871154785,
  "summary_bg_p95": 71.59736938476563,
  "summary_bg_stdv": 20.58963966369629,
  "summary_csf_k": 16.4161284836345,
  "summary_csf_mad": 123.1997299194336,
  "summary_csf_mean": 505.94403076171875,
  "summary_csf_median": 506.5209655761719,
  "summary_csf_n": 672155.0,
  "summary_csf_p05": 325.51906127929686,
  "summary_csf_p95": 673.6825317382811,
  "summary_csf_stdv": 123.88436889648438,
  "summary_gm_k": -0.10551851840178239,
  "summary_gm_mad": 63.80818176269531,
  "summary_gm_mean": 831.17822265625,
  "summary_gm_median": 829.087890625,
  "summary_gm_n": 995792.0,
  "summary_gm_p05": 731.2795379638671,
  "summary_gm_p95": 937.3003021240233,
  "summary_gm_stdv": 62.67579650878906,
  "summary_wm_k": 0.5713289605859906,
  "summary_wm_mad": 48.9789924621582,
  "summary_wm_mean": 1004.18017578125,
  "summary_wm_median": 1000.44287109375,
  "summary_wm_n": 1159598.0,
  "summary_wm_p05": 927.5448150634766,
  "summary_wm_p95": 1093.504571533203,
  "summary_wm_stdv": 50.59370040893555,
  "tpm_overlap_csf": 0.23972313106060028,
  "tpm_overlap_gm": 0.5063018798828125,
  "tpm_overlap_wm": 0.5583329796791077,
  "wm2max": 0.5696068195745354
}