{
  "bids_meta": {
    "modality": "T1w",
    "subject_id": "24"
  },
  "cjv": 0.40986588177704125,
  "cnr": 3.2492278082049006,
  "efc": 0.6706537511210517,
  "fber": 652.8228759765625,
  "fwhm_avg": 6.512672997866559,
  "fwhm_x": 7.968707196851329,
  "fwhm_y": 8.577623568327098,
  "fwhm_z": 2.9916882284212516,
  "icvs_csf": 0.19889381203174328,
  "icvs_gm": 0.4460989159977046,
  "icvs_wm": 0.3550072719705521,
  "inu_med": 0.7795674800872803,
  "inu_range": 0.21226563453674308,
  "provenance": {
    "md5sum": "5af996b037ca2a353b41209a2c5ec8c0",
    "settings": {
      "testing": false
    },
    "software": "mriqc",
    "version": "0.9.7",
    "warnings": {
      "large_rot_frame": true,
      "small_air_mask": false
    }
  },
  "qi_1": 0.0,
  "qi_2": 0.0015965898232037446,
  "rpve_csf": 12.329630199781063,
  "rpve_gm": 6.071437347901755,
  "rpve_wm": 8.595234402297578,
  "size_x": 356,
  "size_y": 436,
  "size_z": 66,
  "snr_csf": 2.3033637874487725,
  "snr_gm": 14.8749536959285,
  "snr_total": 13.54462357047469,
  "snr_wm": 23.45555322804679,
  "snrd_csf": 17.32729890434441,
  "snrd_gm": 29.190774209025726,
  "snrd_total": 28.122498402478147,
  "snrd_wm": 37.84942209406431,
  "spacing_x": 0.46880000829696655,
  "spacing_y": 0.46880000829696655,
  "spacing_z": 2.0001749992370605,
  "summary_bg_k": 19.852950021276182,
  "summary_bg_mad": 17.188743591308594,
  "summary_bg_mean": 30.975292205810547,
  "summary_bg_median": 26.950088500976562,
  "summary_bg_n": 2796629.0,
  "summary_bg_p05": 6.8483539581298825,
  "summary_bg_p95": 67.79873657226564,
  "summary_bg_stdv": 21.093656539916992,
  "summary_csf_k": 17.029107236170923,
  "summary_csf_mad": 110.37007141113281,
  "summary_csf_mean": 473.251708984375,
  "summary_csf_median": 454.614501953125,
  "summary_csf_n": 365610.0,
  "summary_csf_p05": 280.2776672363281,
  "summary_csf_p95": 620.3534423828124,
  "summary_csf_stdv": 197.3695526123047,
  "summary_gm_k": -0.1580236854290873,
  "summary_gm_mad": 52.871726989746094,
  "summary_gm_mean": 767.361083984375,
  "summary_gm_median": 765.875244140625,
  "summary_gm_n": 751395.0,
  "summary_gm_p05": 685.3972045898438,
  "summary_gm_p95": 854.2945190429687,
  "summary_gm_stdv": 51.4875373840332,
  "summary_wm_k": 1.1358700776409725,
  "summary_wm_mad": 40.23997497558594,
  "summary_wm_mean": 994.2438354492188,
  "summary_wm_median": 993.05126953125,
  "summary_wm_n": 735334.0,
  "summary_wm_p05": 927.2528747558595,
  "summary_wm_p95": 1064.5887634277342,
  "summary_wm_stdv": 42.337547302246094,
  "tpm_overlap_csf": 0.2397812008857727,
  "tpm_overlap_gm": 0.5313945412635803,
  "tpm_overlap_wm": 0.5682255625724792,
  "wm2max": 0.5421460571507679
}