{
  "bids_meta": {
    "modality": "T1w",
    "subject_id": "23"
  },
  "cjv": 0.5114457629138186,
  "cnr": 2.6360979362766757,
  "efc": 0.7041258845564957,
  "fber": 644.1325073242188,
  "fwhm_avg": 6.949555047230763,
  "fwhm_x": 8.650277150659,
  "fwhm_y": 8.95360479034181,
  "fwhm_z": 3.2447832006914763,
  "icvs_csf": 0.23552002862555893,
  "icvs_gm": 0.3938535504318355,
  "icvs_wm": 0.37062642094260556,
  "inu_med": 0.7504499554634094,
  "inu_range": 0.18262214660644538,
  "provenance": {
    "md5sum": "c2faf3971114a01c7119ef73651c4002",
    "settings": {
      "testing": false
    },
    "software": "mriqc",
    "version": "0.9.7",
    "warnings": {
      "large_rot_frame": true,
      "small_air_mask": false
    }
  },
  "qi_1": 0.0,
  "qi_2": 0.0005624836018826841,
  "rpve_csf": 8.925261349980326,
  "rpve_gm": 5.265030491007326,
  "rpve_wm": 6.708277291116787,
  "size_x": 356,
  "size_y": 437,
  "size_z": 66,
  "snr_csf": 3.8010065123183137,
  "snr_gm": 15.280415161230549,
  "snr_total": 14.25440567725789,
  "snr_wm": 23.681795358224807,
  "snrd_csf": 18.83828734133297,
  "snrd_gm": 30.66467988678728,
  "snrd_total": 29.06483633438751,
  "snrd_wm": 37.69154177504228,
  "spacing_x": 0.46880000829696655,
  "spacing_y": 0.46880000829696655,
  "spacing_z": 1.999819278717041,
  "summary_bg_k": 14.700472305379673,
  "summary_bg_mad": 17.33612823486328,
  "summary_bg_mean": 30.779098510742188,
  "summary_bg_median": 27.425214767456055,
  "summary_bg_n": 2817582.0,
  "summary_bg_p05": 6.9760527372360235,
  "summary_bg_p95": 65.29640541076654,
  "summary_bg_stdv": 19.539247512817383,
  "summary_csf_k": 23.607568248570956,
  "summary_csf_mad": 112.22563171386719,
  "summary_csf_mean": 497.81561279296875,
  "summary_csf_median": 498.49615478515625,
  "summary_csf_n": 569372.0,
  "summary_csf_p05": 322.307682800293,
  "summary_csf_p95": 646.3290618896485,
  "summary_csf_stdv": 131.14834594726562,
  "summary_gm_k": -0.19235756616088873,
  "summary_gm_mad": 54.41550064086914,
  "summary_gm_mean": 812.6495971679688,
  "summary_gm_median": 811.4445190429688,
  "summary_gm_n": 779319.0,
  "summary_gm_p05": 726.9858154296875,
  "summary_gm_p95": 901.8536437988281,
  "summary_gm_stdv": 53.10353088378906,
  "summary_wm_k": 0.7070559988390279,
  "summary_wm_mad": 40.6846923828125,
  "summary_wm_mean": 999.1228637695312,
  "summary_wm_median": 997.3883666992188,
  "summary_wm_n": 965231.0,
  "summary_wm_p05": 933.1575622558594,
  "summary_wm_p95": 1070.5928955078125,
  "summary_wm_stdv": 42.11622619628906,
  "tpm_overlap_csf": 0.22298024594783783,
  "tpm_overlap_gm": 0.4957941472530365,
  "tpm_overlap_wm": 0.5579631924629211,
  "wm2max": 0.5598437287639398
}