{
  "bids_meta": {
    "modality": "T1w",
    "subject_id": "16"
  },
  "cjv": 0.39897223535535303,
  "cnr": 3.371882456358058,
  "efc": 0.6588216041609302,
  "fber": 759.851318359375,
  "fwhm_avg": 6.643941694062324,
  "fwhm_x": 8.19059285845334,
  "fwhm_y": 8.671842849936029,
  "fwhm_z": 3.069389373797602,
  "icvs_csf": 0.22308415624394107,
  "icvs_gm": 0.41590037493357934,
  "icvs_wm": 0.3610154688224796,
  "inu_med": 0.7513760924339294,
  "inu_range": 0.16969776153564453,
  "provenance": {
    "md5sum": "7ce9e23b04fa173a960491d90bde1022",
    "settings": {
      "testing": false
    },
    "software": "mriqc",
    "version": "0.9.7",
    "warnings": {
      "large_rot_frame": true,
      "small_air_mask": false
    }
  },
  "qi_1": 0.0,
  "qi_2": 0.0006379264023988091,
  "rpve_csf": 11.248566245023435,
  "rpve_gm": 6.294132170521764,
  "rpve_wm": 8.544975369156864,
  "size_x": 356,
  "size_y": 483,
  "size_z": 66,
  "snr_csf": 3.2186141031889224,
  "snr_gm": 15.209297699969444,
  "snr_total": 14.069051155591032,
  "snr_wm": 23.779241663614723,
  "snrd_csf": 19.774863275317344,
  "snrd_gm": 33.05178194130848,
  "snrd_total": 31.903393662521477,
  "snrd_wm": 42.883535770938614,
  "spacing_x": 0.46880000829696655,
  "spacing_y": 0.46880000829696655,
  "spacing_z": 2.0000851154327393,
  "summary_bg_k": 27.70381465958729,
  "summary_bg_mad": 15.174297332763672,
  "summary_bg_mean": 26.976633071899414,
  "summary_bg_median": 24.13201904296875,
  "summary_bg_n": 3143638.0,
  "summary_bg_p05": 6.171472215652466,
  "summary_bg_p95": 57.107028007507296,
  "summary_bg_stdv": 16.817289352416992,
  "summary_csf_k": 33.10948963494306,
  "summary_csf_mad": 107.80402374267578,
  "summary_csf_mean": 459.39361572265625,
  "summary_csf_median": 458.0262451171875,
  "summary_csf_n": 453745.0,
  "summary_csf_p05": 289.6714294433594,
  "summary_csf_p95": 598.36279296875,
  "summary_csf_stdv": 142.30526733398438,
  "summary_gm_k": -0.10077401967828425,
  "summary_gm_mad": 51.12788009643555,
  "summary_gm_mean": 767.22705078125,
  "summary_gm_median": 765.5468139648438,
  "summary_gm_n": 735235.0,
  "summary_gm_p05": 687.3112121582031,
  "summary_gm_p95": 852.5875,
  "summary_gm_stdv": 50.33409881591797,
  "summary_wm_k": 1.4901360045760361,
  "summary_wm_mad": 39.72747802734375,
  "summary_wm_mean": 993.3682250976562,
  "summary_wm_median": 993.2703247070312,
  "summary_wm_n": 834723.0,
  "summary_wm_p05": 925.4290222167969,
  "summary_wm_p95": 1060.2555786132812,
  "summary_wm_stdv": 41.77045440673828,
  "tpm_overlap_csf": 0.24412782490253448,
  "tpm_overlap_gm": 0.5208607912063599,
  "tpm_overlap_wm": 0.5770328044891357,
  "wm2max": 0.5549192841869485
}