{
  "bids_meta": {
    "modality": "T1w",
    "subject_id": "14"
  },
  "cjv": 0.7656255325252869,
  "cnr": 1.7844492323832644,
  "efc": 0.6950211384465228,
  "fber": 443.7335205078125,
  "fwhm_avg": 7.017413163178889,
  "fwhm_x": 8.588779711474364,
  "fwhm_y": 9.170562977628297,
  "fwhm_z": 3.2928968004340087,
  "icvs_csf": 0.21862786679337853,
  "icvs_gm": 0.4186051428285069,
  "icvs_wm": 0.36276699037811455,
  "inu_med": 0.8577002286911011,
  "inu_range": 0.30661571621894834,
  "provenance": {
    "md5sum": "e1a62a2ad36993292c533bd6a530afd6",
    "settings": {
      "testing": false
    },
    "software": "mriqc",
    "version": "0.9.7",
    "warnings": {
      "large_rot_frame": true,
      "small_air_mask": false
    }
  },
  "qi_1": 0.0,
  "qi_2": 0.0005112865596829958,
  "rpve_csf": 11.185862427091198,
  "rpve_gm": 6.128130762209881,
  "rpve_wm": 8.048517716623612,
  "size_x": 357,
  "size_y": 492,
  "size_z": 78,
  "snr_csf": 2.4639712192397285,
  "snr_gm": 12.776996221194546,
  "snr_total": 10.748479699244477,
  "snr_wm": 17.004471657299156,
  "snrd_csf": 15.754763904830535,
  "snrd_gm": 24.812176873392357,
  "snrd_total": 23.396970194955383,
  "snrd_wm": 29.623969806643252,
  "spacing_x": 0.46880000829696655,
  "spacing_y": 0.46880000829696655,
  "spacing_z": 2.0000383853912354,
  "summary_bg_k": 4.360832355411856,
  "summary_bg_mad": 22.18840217590332,
  "summary_bg_mean": 38.89882278442383,
  "summary_bg_median": 35.20500946044922,
  "summary_bg_n": 3586293.0,
  "summary_bg_p05": 8.683521270751953,
  "summary_bg_p95": 81.69205017089844,
  "summary_bg_stdv": 23.09638214111328,
  "summary_csf_k": 16.780998720483495,
  "summary_csf_mad": 125.8315658569336,
  "summary_csf_mean": 555.1416625976562,
  "summary_csf_median": 533.5881958007812,
  "summary_csf_n": 599472.0,
  "summary_csf_p05": 338.3397155761719,
  "summary_csf_p95": 726.1728912353515,
  "summary_csf_stdv": 216.55599975585938,
  "summary_gm_k": -0.11377779445183878,
  "summary_gm_mad": 66.7999038696289,
  "summary_gm_mean": 842.2225341796875,
  "summary_gm_median": 840.3480224609375,
  "summary_gm_n": 949998.0,
  "summary_gm_p05": 737.4816711425781,
  "summary_gm_p95": 953.744482421875,
  "summary_gm_stdv": 65.77035522460938,
  "summary_wm_k": 0.7868611015063287,
  "summary_wm_mad": 57.97224426269531,
  "summary_wm_mean": 1007.9838256835938,
  "summary_wm_median": 1003.3156127929688,
  "summary_wm_n": 1055488.0,
  "summary_wm_p05": 920.3500091552735,
  "summary_wm_p95": 1110.8460510253906,
  "summary_wm_stdv": 59.00301742553711,
  "tpm_overlap_csf": 0.22529496252536774,
  "tpm_overlap_gm": 0.5056019425392151,
  "tpm_overlap_wm": 0.5516037940979004,
  "wm2max": 0.5049256336154152
}