{
  "bids_meta": {
    "modality": "T1w",
    "subject_id": "05"
  },
  "cjv": 0.566518229938887,
  "cnr": 2.3152929317441115,
  "efc": 0.695068077826932,
  "fber": 557.9239501953125,
  "fwhm_avg": 6.764984017384954,
  "fwhm_x": 8.273400024223287,
  "fwhm_y": 8.789248991202848,
  "fwhm_z": 3.2323030367287284,
  "icvs_csf": 0.22325166922102108,
  "icvs_gm": 0.4212376958423864,
  "icvs_wm": 0.3555106349365925,
  "inu_med": 0.8457512855529785,
  "inu_range": 0.24027126133441923,
  "provenance": {
    "md5sum": "c3151bd494b81f352d2f4f5da4aed30d",
    "settings": {
      "testing": false
    },
    "software": "mriqc",
    "version": "0.9.7",
    "warnings": {
      "large_rot_frame": true,
      "small_air_mask": false
    }
  },
  "qi_1": 0.0,
  "qi_2": 0.0005444946878243186,
  "rpve_csf": 12.01848740615736,
  "rpve_gm": 6.731828474069487,
  "rpve_wm": 9.229021301884803,
  "size_x": 358,
  "size_y": 465,
  "size_z": 88,
  "snr_csf": 3.282904021823504,
  "snr_gm": 14.428627998473946,
  "snr_total": 12.918984830128542,
  "snr_wm": 21.045422470088173,
  "snrd_csf": 17.360737837994957,
  "snrd_gm": 26.920827048376264,
  "snrd_total": 25.69648667030837,
  "snrd_wm": 32.80789512455388,
  "spacing_x": 0.46880000829696655,
  "spacing_y": 0.46880000829696655,
  "spacing_z": 2.000013589859009,
  "summary_bg_k": 28.005653444843873,
  "summary_bg_mad": 19.927806854248047,
  "summary_bg_mean": 35.204532623291016,
  "summary_bg_median": 31.31130599975586,
  "summary_bg_n": 4364072.0,
  "summary_bg_p05": 7.765791106224061,
  "summary_bg_p95": 75.1965511322021,
  "summary_bg_stdv": 22.638097763061523,
  "summary_csf_k": 23.72924072976903,
  "summary_csf_mad": 118.97493743896484,
  "summary_csf_mean": 531.91015625,
  "summary_csf_median": 528.075439453125,
  "summary_csf_n": 561040.0,
  "summary_csf_p05": 338.33730163574216,
  "summary_csf_p95": 690.4262115478514,
  "summary_csf_stdv": 160.85604858398438,
  "summary_gm_k": 0.020599994274014488,
  "summary_gm_mad": 56.60773468017578,
  "summary_gm_mean": 821.1024169921875,
  "summary_gm_median": 818.872314453125,
  "summary_gm_n": 908864.0,
  "summary_gm_p05": 731.1908416748047,
  "summary_gm_p95": 918.0464111328125,
  "summary_gm_stdv": 56.753273010253906,
  "summary_wm_k": 1.5085818733290681,
  "summary_wm_mad": 44.839622497558594,
  "summary_wm_mean": 1001.3356323242188,
  "summary_wm_median": 997.9439697265625,
  "summary_wm_n": 994808.0,
  "summary_wm_p05": 930.2136444091797,
  "summary_wm_p95": 1082.6547424316407,
  "summary_wm_stdv": 47.41855239868164,
  "tpm_overlap_csf": 0.24351029098033905,
  "tpm_overlap_gm": 0.5222078561782837,
  "tpm_overlap_wm": 0.5744333267211914,
  "wm2max": 0.48830798003491277
}