{
  "bids_meta": {
    "modality": "T1w",
    "subject_id": "26"
  },
  "cjv": 0.4216199123867035,
  "cnr": 3.209445729177898,
  "efc": 0.6603354558204537,
  "fber": 783.4772338867188,
  "fwhm_avg": 6.710715681520269,
  "fwhm_x": 8.332231081202554,
  "fwhm_y": 8.60772169066131,
  "fwhm_z": 3.1921942726969403,
  "icvs_csf": 0.21430878880006352,
  "icvs_gm": 0.43545745133583785,
  "icvs_wm": 0.3502337598640986,
  "inu_med": 0.7598066329956055,
  "inu_range": 0.16642991006374352,
  "provenance": {
    "md5sum": "f71b06dd28bebbb272f76db35e45ca05",
    "settings": {
      "testing": false
    },
    "software": "mriqc",
    "version": "0.9.7",
    "warnings": {
      "large_rot_frame": true,
      "small_air_mask": false
    }
  },
  "qi_1": 0.0,
  "qi_2": 0.0006961025993202257,
  "rpve_csf": 11.6054924718268,
  "rpve_gm": 6.037225161047569,
  "rpve_wm": 8.554895693553764,
  "size_x": 357,
  "size_y": 462,
  "size_z": 70,
  "snr_csf": 4.696123753304838,
  "snr_gm": 15.833558286344523,
  "snr_total": 14.90953206475371,
  "snr_wm": 24.19891415461177,
  "snrd_csf": 19.921874198185503,
  "snrd_gm": 34.32832778794582,
  "snrd_total": 32.68050467072658,
  "snrd_wm": 43.7913120260484,
  "spacing_x": 0.46880000829696655,
  "spacing_y": 0.46880000829696655,
  "spacing_z": 2.000047445297241,
  "summary_bg_k": 73.17248183247018,
  "summary_bg_mad": 14.868220329284668,
  "summary_bg_mean": 26.7008113861084,
  "summary_bg_median": 23.24220848083496,
  "summary_bg_n": 2977292.0,
  "summary_bg_p05": 5.750751042366028,
  "summary_bg_p95": 57.83508491516112,
  "summary_bg_stdv": 19.233116149902344,
  "summary_csf_k": 0.02369462372293274,
  "summary_csf_mad": 110.56442260742188,
  "summary_csf_mean": 446.81182861328125,
  "summary_csf_median": 452.1239013671875,
  "summary_csf_n": 456328.0,
  "summary_csf_p05": 292.4322784423828,
  "summary_csf_p95": 593.8489807128906,
  "summary_csf_stdv": 96.27587127685547,
  "summary_gm_k": -0.12174432466698093,
  "summary_gm_mad": 50.102256774902344,
  "summary_gm_mean": 780.1875610351562,
  "summary_gm_median": 779.076171875,
  "summary_gm_n": 839777.0,
  "summary_gm_p05": 700.9834350585937,
  "summary_gm_p95": 862.665234375,
  "summary_gm_stdv": 49.20408248901367,
  "summary_wm_k": 0.4021193019882814,
  "summary_wm_mad": 40.44525146484375,
  "summary_wm_mean": 994.67578125,
  "summary_wm_median": 993.837158203125,
  "summary_wm_n": 838595.0,
  "summary_wm_p05": 928.6454528808594,
  "summary_wm_p95": 1063.2362670898438,
  "summary_wm_stdv": 41.0694694519043,
  "tpm_overlap_csf": 0.2473425716161728,
  "tpm_overlap_gm": 0.5293103456497192,
  "tpm_overlap_wm": 0.5762305855751038,
  "wm2max": 0.5673099823194011
}