{
  "bids_meta": {
    "modality": "T1w",
    "subject_id": "22"
  },
  "cjv": 0.4616854168219437,
  "cnr": 2.929150759072824,
  "efc": 0.697132535578483,
  "fber": 624.9857788085938,
  "fwhm_avg": 6.92815368369025,
  "fwhm_x": 8.631655137336702,
  "fwhm_y": 8.996288236685361,
  "fwhm_z": 3.1565176770486847,
  "icvs_csf": 0.2501148785987536,
  "icvs_gm": 0.4048141450666848,
  "icvs_wm": 0.34507097633456163,
  "inu_med": 0.8013643622398376,
  "inu_range": 0.18338285088539108,
  "provenance": {
    "md5sum": "48fcb199a88dd9202e9d42f5a3df4027",
    "settings": {
      "testing": false
    },
    "software": "mriqc",
    "version": "0.9.7",
    "warnings": {
      "large_rot_frame": true,
      "small_air_mask": false
    }
  },
  "qi_1": 0.0,
  "qi_2": 0.0005343734105270953,
  "rpve_csf": 9.91579919681613,
  "rpve_gm": 6.08530217259898,
  "rpve_wm": 8.212721358926458,
  "size_x": 356,
  "size_y": 448,
  "size_z": 70,
  "snr_csf": 2.5891296717331356,
  "snr_gm": 15.00308727667711,
  "snr_total": 13.412495792741728,
  "snr_wm": 22.64527042981494,
  "snrd_csf": 16.00302927789734,
  "snrd_gm": 31.320934047109304,
  "snrd_total": 28.987601981329345,
  "snrd_wm": 39.63884261898139,
  "spacing_x": 0.46880000829696655,
  "spacing_y": 0.46880000829696655,
  "spacing_z": 2.000175714492798,
  "summary_bg_k": 80.57776199400791,
  "summary_bg_mad": 16.44710350036621,
  "summary_bg_mean": 29.251752853393555,
  "summary_bg_median": 25.702388763427734,
  "summary_bg_n": 2554562.0,
  "summary_bg_p05": 6.359490513801575,
  "summary_bg_p95": 63.072443008422844,
  "summary_bg_stdv": 20.110647201538086,
  "summary_csf_k": 28.457595152486565,
  "summary_csf_mad": 108.40449523925781,
  "summary_csf_mean": 422.7409362792969,
  "summary_csf_median": 401.75372314453125,
  "summary_csf_n": 602238.0,
  "summary_csf_p05": 273.282893371582,
  "summary_csf_p95": 577.1194305419923,
  "summary_csf_stdv": 155.16928100585938,
  "summary_gm_k": -0.15313639941181467,
  "summary_gm_mad": 53.480369567871094,
  "summary_gm_mean": 787.40234375,
  "summary_gm_median": 786.3074951171875,
  "summary_gm_n": 785140.0,
  "summary_gm_p05": 702.9387115478515,
  "summary_gm_p95": 875.0863189697266,
  "summary_gm_stdv": 52.4096794128418,
  "summary_wm_k": 0.3548922236554599,
  "summary_wm_mad": 42.92872619628906,
  "summary_wm_mean": 996.2611694335938,
  "summary_wm_median": 995.1273803710938,
  "summary_wm_n": 846766.0,
  "summary_wm_p05": 925.9508209228516,
  "summary_wm_p95": 1069.9640502929688,
  "summary_wm_stdv": 43.94413375854492,
  "tpm_overlap_csf": 0.2431272268295288,
  "tpm_overlap_gm": 0.502067506313324,
  "tpm_overlap_wm": 0.5687144994735718,
  "wm2max": 0.5617747218283442
}