{
  "bids_meta": {
    "modality": "T1w",
    "subject_id": "04"
  },
  "cjv": 0.5152922116343036,
  "cnr": 2.5614157224383636,
  "efc": 0.6492222334878255,
  "fber": 605.6057739257812,
  "fwhm_avg": 7.0320988709937025,
  "fwhm_x": 8.642747287311039,
  "fwhm_y": 9.164675605718843,
  "fwhm_z": 3.2888737199512277,
  "icvs_csf": 0.23272852569959535,
  "icvs_gm": 0.427695707206655,
  "icvs_wm": 0.33957576709374965,
  "inu_med": 0.9146062135696411,
  "inu_range": 0.28168092966079716,
  "provenance": {
    "md5sum": "6c920c94034f6064319cc6aa27e51a94",
    "settings": {
      "testing": false
    },
    "software": "mriqc",
    "version": "0.9.7",
    "warnings": {
      "large_rot_frame": true,
      "small_air_mask": false
    }
  },
  "qi_1": 0.0,
  "qi_2": 0.0008130145746064698,
  "rpve_csf": 15.73280711625431,
  "rpve_gm": 8.781201921925483,
  "rpve_wm": 12.557292245988874,
  "size_x": 358,
  "size_y": 449,
  "size_z": 98,
  "snr_csf": 4.561256354543953,
  "snr_gm": 13.713599857154328,
  "snr_total": 12.817074851651077,
  "snr_wm": 20.176368343254943,
  "snrd_csf": 17.54665237209122,
  "snrd_gm": 28.937939371401395,
  "snrd_total": 27.58416867095082,
  "snrd_wm": 36.26791426935985,
  "spacing_x": 0.46880000829696655,
  "spacing_y": 0.46880000829696655,
  "spacing_z": 1.9997332096099854,
  "summary_bg_k": 4.997582253140791,
  "summary_bg_mad": 17.97856330871582,
  "summary_bg_mean": 31.68614959716797,
  "summary_bg_median": 28.184080123901367,
  "summary_bg_n": 4285723.0,
  "summary_bg_p05": 7.236463737487793,
  "summary_bg_p95": 67.89437789916992,
  "summary_bg_stdv": 19.507673263549805,
  "summary_csf_k": 1.5203802356431373,
  "summary_csf_mad": 118.2262191772461,
  "summary_csf_mean": 478.12176513671875,
  "summary_csf_median": 481.5235595703125,
  "summary_csf_n": 484315.0,
  "summary_csf_p05": 308.69927368164065,
  "summary_csf_p95": 642.3616455078125,
  "summary_csf_stdv": 105.56807708740234,
  "summary_gm_k": -0.09021275853993815,
  "summary_gm_mad": 58.067440032958984,
  "summary_gm_mean": 796.117919921875,
  "summary_gm_median": 794.128662109375,
  "summary_gm_n": 771514.0,
  "summary_gm_p05": 703.7206207275391,
  "summary_gm_p95": 895.2095214843749,
  "summary_gm_stdv": 57.90807342529297,
  "summary_wm_k": 1.4709615600195605,
  "summary_wm_mad": 45.58495330810547,
  "summary_wm_mean": 997.8587036132812,
  "summary_wm_median": 995.2813110351562,
  "summary_wm_n": 765323.0,
  "summary_wm_p05": 921.2554321289062,
  "summary_wm_p95": 1081.8707275390625,
  "summary_wm_stdv": 49.32902908325195,
  "tpm_overlap_csf": 0.23502132296562195,
  "tpm_overlap_gm": 0.5219088196754456,
  "tpm_overlap_wm": 0.5610438585281372,
  "wm2max": 0.5433876990232159
}