{
  "bids_meta": {
    "modality": "T1w",
    "subject_id": "19"
  },
  "cjv": 0.41589932615589703,
  "cnr": 3.2547944082776468,
  "efc": 0.6660166999512058,
  "fber": 539.256591796875,
  "fwhm_avg": 6.5142212024868655,
  "fwhm_x": 7.972440131938846,
  "fwhm_y": 8.607487049027235,
  "fwhm_z": 2.9627364264945153,
  "icvs_csf": 0.24741990395598187,
  "icvs_gm": 0.4186335417152823,
  "icvs_wm": 0.3339465543287358,
  "inu_med": 0.9384061694145203,
  "inu_range": 0.19956161975860587,
  "provenance": {
    "md5sum": "f8966cf06ad176c358858a952a4a49c5",
    "settings": {
      "testing": false
    },
    "software": "mriqc",
    "version": "0.9.7",
    "warnings": {
      "large_rot_frame": true,
      "small_air_mask": false
    }
  },
  "qi_1": 0.0,
  "qi_2": 0.0005618131950564661,
  "rpve_csf": 11.128838678839182,
  "rpve_gm": 6.575787884351374,
  "rpve_wm": 9.424192413286416,
  "size_x": 357,
  "size_y": 481,
  "size_z": 72,
  "snr_csf": 3.9898245097614002,
  "snr_gm": 14.947600822670571,
  "snr_total": 13.500226501291651,
  "snr_wm": 21.56325417144298,
  "snrd_csf": 14.861247820302406,
  "snrd_gm": 28.171854604575174,
  "snrd_total": 26.6002281476238,
  "snrd_wm": 36.76758201799382,
  "spacing_x": 0.46880000829696655,
  "spacing_y": 0.46880000829696655,
  "spacing_z": 2.0002150535583496,
  "summary_bg_k": 13.661295887507233,
  "summary_bg_mad": 17.63638687133789,
  "summary_bg_mean": 30.88338279724121,
  "summary_bg_median": 27.58719253540039,
  "summary_bg_n": 3194533.0,
  "summary_bg_p05": 6.771584796905518,
  "summary_bg_p95": 65.8792953491211,
  "summary_bg_stdv": 19.32052993774414,
  "summary_csf_k": 16.902249248216435,
  "summary_csf_mad": 108.48118591308594,
  "summary_csf_mean": 405.2178039550781,
  "summary_csf_median": 400.0674133300781,
  "summary_csf_n": 560848.0,
  "summary_csf_p05": 269.33281860351565,
  "summary_csf_p95": 554.2407348632812,
  "summary_csf_stdv": 100.27184295654297,
  "summary_gm_k": -0.16587219204878867,
  "summary_gm_mad": 52.34452819824219,
  "summary_gm_mean": 758.7465209960938,
  "summary_gm_median": 758.3912963867188,
  "summary_gm_n": 808931.0,
  "summary_gm_p05": 676.1942138671875,
  "summary_gm_p95": 842.3048400878906,
  "summary_gm_stdv": 50.73662567138672,
  "summary_wm_k": 2.292657061195812,
  "summary_wm_mad": 43.893951416015625,
  "summary_wm_mean": 990.651611328125,
  "summary_wm_median": 989.789794921875,
  "summary_wm_n": 806504.0,
  "summary_wm_p05": 917.8807037353515,
  "summary_wm_p95": 1065.1239624023438,
  "summary_wm_stdv": 45.90166091918945,
  "tpm_overlap_csf": 0.2128012776374817,
  "tpm_overlap_gm": 0.4848828911781311,
  "tpm_overlap_wm": 0.5333318114280701,
  "wm2max": 0.5422713468590634
}