{
  "bids_meta": {
    "modality": "T1w",
    "subject_id": "17"
  },
  "cjv": 0.4269931657989861,
  "cnr": 3.1137202918588893,
  "efc": 0.6893363290453631,
  "fber": 828.4812622070312,
  "fwhm_avg": 6.513550199492992,
  "fwhm_x": 8.208084325720561,
  "fwhm_y": 8.304394050978498,
  "fwhm_z": 3.0281722217799203,
  "icvs_csf": 0.2075824989525665,
  "icvs_gm": 0.42787760974019357,
  "icvs_wm": 0.3645398913072399,
  "inu_med": 0.7000601291656494,
  "inu_range": 0.14223476350307462,
  "provenance": {
    "md5sum": "1a99890ed81bc7518edb4812c29b5390",
    "settings": {
      "testing": false
    },
    "software": "mriqc",
    "version": "0.9.7",
    "warnings": {
      "large_rot_frame": true,
      "small_air_mask": false
    }
  },
  "qi_1": 0.0,
  "qi_2": 0.001281613381720034,
  "rpve_csf": 11.075079949361168,
  "rpve_gm": 5.756567990547739,
  "rpve_wm": 7.811575294560715,
  "size_x": 356,
  "size_y": 377,
  "size_z": 66,
  "snr_csf": 2.7625019276500993,
  "snr_gm": 15.265172364601671,
  "snr_total": 14.501065299132433,
  "snr_wm": 25.475521605145527,
  "snrd_csf": 20.48796764896681,
  "snrd_gm": 34.05440643202025,
  "snrd_total": 32.56960022558686,
  "snrd_wm": 43.166426595773515,
  "spacing_x": 0.46880000829696655,
  "spacing_y": 0.46880000829696655,
  "spacing_z": 1.9998400211334229,
  "summary_bg_k": 54.68162810280214,
  "summary_bg_mad": 15.105956077575684,
  "summary_bg_mean": 27.11483383178711,
  "summary_bg_median": 23.38965606689453,
  "summary_bg_n": 2277676.0,
  "summary_bg_p05": 5.8193875551223755,
  "summary_bg_p95": 59.840932846069336,
  "summary_bg_stdv": 19.511775970458984,
  "summary_csf_k": 20.80962673435317,
  "summary_csf_mad": 113.0312728881836,
  "summary_csf_mean": 482.7142028808594,
  "summary_csf_median": 472.4059753417969,
  "summary_csf_n": 362023.0,
  "summary_csf_p05": 301.5222534179687,
  "summary_csf_p95": 628.3398315429685,
  "summary_csf_stdv": 171.00633239746094,
  "summary_gm_k": -0.09682932620773022,
  "summary_gm_mad": 52.102420806884766,
  "summary_gm_mean": 786.0097045898438,
  "summary_gm_median": 785.2172241210938,
  "summary_gm_n": 659246.0,
  "summary_gm_p05": 702.8023529052734,
  "summary_gm_p95": 872.0365295410156,
  "summary_gm_stdv": 51.438438415527344,
  "summary_wm_k": 1.2224722916909272,
  "summary_wm_mad": 37.609901428222656,
  "summary_wm_mean": 996.0453491210938,
  "summary_wm_median": 995.3197021484375,
  "summary_wm_n": 709151.0,
  "summary_wm_p05": 933.3254699707031,
  "summary_wm_p95": 1060.2254638671875,
  "summary_wm_stdv": 39.06962203979492,
  "tpm_overlap_csf": 0.2310885637998581,
  "tpm_overlap_gm": 0.5183402299880981,
  "tpm_overlap_wm": 0.5699745416641235,
  "wm2max": 0.5535785328105544
}