{
  "bids_meta": {
    "modality": "T1w",
    "subject_id": "15"
  },
  "cjv": 0.5288742589877613,
  "cnr": 2.4683516570910946,
  "efc": 0.718112509603652,
  "fber": 1181.001220703125,
  "fwhm_avg": 6.266034317749923,
  "fwhm_x": 7.544347136102398,
  "fwhm_y": 8.236326646039833,
  "fwhm_z": 3.0174291711075356,
  "icvs_csf": 0.21884650833913324,
  "icvs_gm": 0.41634872006794116,
  "icvs_wm": 0.3648047715929256,
  "inu_med": 0.8457559943199158,
  "inu_range": 0.2218708217144013,
  "provenance": {
    "md5sum": "74db9f8815351b0fb940ee72b31d400d",
    "settings": {
      "testing": false
    },
    "software": "mriqc",
    "version": "0.9.7",
    "warnings": {
      "large_rot_frame": true,
      "small_air_mask": false
    }
  },
  "qi_1": 0.0,
  "qi_2": 0.0010307623920524553,
  "rpve_csf": 10.28397225137502,
  "rpve_gm": 5.60017673389959,
  "rpve_wm": 7.478790941496904,
  "size_x": 355,
  "size_y": 434,
  "size_z": 78,
  "snr_csf": 3.4564618647628578,
  "snr_gm": 14.307371124575877,
  "snr_total": 12.902993606564364,
  "snr_wm": 20.945147830354355,
  "snrd_csf": 18.067141165170387,
  "snrd_gm": 29.71805502522357,
  "snrd_total": 28.184668667426006,
  "snrd_wm": 36.76880981188405,
  "spacing_x": 0.46880000829696655,
  "spacing_y": 0.46880000829696655,
  "spacing_z": 1.9999442100524902,
  "summary_bg_k": 18.1186505686238,
  "summary_bg_mad": 17.79400634765625,
  "summary_bg_mean": 25.086597442626953,
  "summary_bg_median": 19.106021881103516,
  "summary_bg_n": 2678218.0,
  "summary_bg_p05": 1.0319845378398895,
  "summary_bg_p95": 67.37314414978023,
  "summary_bg_stdv": 23.729053497314453,
  "summary_csf_k": 24.61240963641873,
  "summary_csf_mad": 114.84937286376953,
  "summary_csf_mean": 491.432861328125,
  "summary_csf_median": 490.7174072265625,
  "summary_csf_n": 541554.0,
  "summary_csf_p05": 306.3012893676758,
  "summary_csf_p95": 647.9855102539061,
  "summary_csf_stdv": 141.97088623046875,
  "summary_gm_k": 0.03147973680406002,
  "summary_gm_mad": 56.64727783203125,
  "summary_gm_mean": 809.2430419921875,
  "summary_gm_median": 807.1651611328125,
  "summary_gm_n": 892979.0,
  "summary_gm_p05": 719.9379211425781,
  "summary_gm_p95": 905.1320983886718,
  "summary_gm_stdv": 56.4160041809082,
  "summary_wm_k": 3.547605254137469,
  "summary_wm_mad": 44.63420867919922,
  "summary_wm_mean": 1002.3211669921875,
  "summary_wm_median": 998.6690673828125,
  "summary_wm_n": 1003952.0,
  "summary_wm_p05": 931.9354583740235,
  "summary_wm_p95": 1083.785821533203,
  "summary_wm_stdv": 47.6801872253418,
  "tpm_overlap_csf": 0.23528839647769928,
  "tpm_overlap_gm": 0.511254608631134,
  "tpm_overlap_wm": 0.5590162873268127,
  "wm2max": 0.5070877998213165
}