{
  "bids_meta": {
    "modality": "T1w",
    "subject_id": "01"
  },
  "cjv": 0.5793256910698357,
  "cnr": 2.250605679436065,
  "efc": 0.7093093413835353,
  "fber": 485.5936279296875,
  "fwhm_avg": 7.226733954307367,
  "fwhm_x": 9.175298472425032,
  "fwhm_y": 9.126983626863742,
  "fwhm_z": 3.3779197636333267,
  "icvs_csf": 0.2253856303547472,
  "icvs_gm": 0.3995837348179369,
  "icvs_wm": 0.37503063482731586,
  "inu_med": 0.8844393491744995,
  "inu_range": 0.284195327758789,
  "provenance": {
    "md5sum": "f4a860e567453eb00c05ac3f6c560a53",
    "settings": {
      "testing": false
    },
    "software": "mriqc",
    "version": "0.9.7",
    "warnings": {
      "large_rot_frame": true,
      "small_air_mask": false
    }
  },
  "qi_1": 0.0,
  "qi_2": 0.0005826416380021801,
  "rpve_csf": 12.159346093030143,
  "rpve_gm": 6.891079014143242,
  "rpve_wm": 8.668867683371076,
  "size_x": 359,
  "size_y": 448,
  "size_z": 100,
  "snr_csf": 3.5691377283297188,
  "snr_gm": 13.457558154574729,
  "snr_total": 11.950095143972844,
  "snr_wm": 18.82358954901408,
  "snrd_csf": 16.067608202172437,
  "snrd_gm": 26.703469111476696,
  "snrd_total": 25.257131644316924,
  "snrd_wm": 33.00031761930163,
  "spacing_x": 0.46880000829696655,
  "spacing_y": 0.46880000829696655,
  "spacing_z": 1.999932050704956,
  "summary_bg_k": 229.0047104203615,
  "summary_bg_mad": 19.812097549438477,
  "summary_bg_mean": 35.65110778808594,
  "summary_bg_median": 31.36398696899414,
  "summary_bg_n": 3587269.0,
  "summary_bg_p05": 8.096041870117189,
  "summary_bg_p95": 75.05939331054685,
  "summary_bg_stdv": 27.336490631103516,
  "summary_csf_k": 26.262572383573634,
  "summary_csf_mad": 119.62548065185547,
  "summary_csf_mean": 486.4495544433594,
  "summary_csf_median": 485.9034423828125,
  "summary_csf_n": 638175.0,
  "summary_csf_p05": 307.7921997070313,
  "summary_csf_p95": 644.3824829101561,
  "summary_csf_stdv": 136.1401824951172,
  "summary_gm_k": -0.16979321974782247,
  "summary_gm_mad": 61.604461669921875,
  "summary_gm_mean": 809.1253662109375,
  "summary_gm_median": 807.54443359375,
  "summary_gm_n": 921746.0,
  "summary_gm_p05": 713.2052764892578,
  "summary_gm_p95": 910.1522521972656,
  "summary_gm_stdv": 60.0067253112793,
  "summary_wm_k": 3.473918246404164,
  "summary_wm_mad": 48.713130950927734,
  "summary_wm_mean": 1002.3975219726562,
  "summary_wm_median": 997.9685668945312,
  "summary_wm_n": 1148870.0,
  "summary_wm_p05": 925.1319000244141,
  "summary_wm_p95": 1092.139794921875,
  "summary_wm_stdv": 53.01688766479492,
  "tpm_overlap_csf": 0.22483226656913757,
  "tpm_overlap_gm": 0.4988323748111725,
  "tpm_overlap_wm": 0.5556619763374329,
  "wm2max": 0.5331581715137855
}