{
  "bids_meta": {
    "modality": "T1w",
    "subject_id": "11"
  },
  "cjv": 0.4278857524007517,
  "cnr": 3.1730000727387817,
  "efc": 0.6886260778808883,
  "fber": 581.2446899414062,
  "fwhm_avg": 6.85699189684463,
  "fwhm_x": 8.309193538948163,
  "fwhm_y": 9.068131238826831,
  "fwhm_z": 3.1936509127588986,
  "icvs_csf": 0.24199972314435536,
  "icvs_gm": 0.3939648896440057,
  "icvs_wm": 0.3640353872116389,
  "inu_med": 0.8956963419914246,
  "inu_range": 0.17890030145645142,
  "provenance": {
    "md5sum": "3ce37f6523dba958bd3a3ee5e2c19367",
    "settings": {
      "testing": false
    },
    "software": "mriqc",
    "version": "0.9.7",
    "warnings": {
      "large_rot_frame": true,
      "small_air_mask": false
    }
  },
  "qi_1": 0.0,
  "qi_2": 0.0013725510138220128,
  "rpve_csf": 10.752982370845821,
  "rpve_gm": 6.484433952054682,
  "rpve_wm": 8.410817267390305,
  "size_x": 358,
  "size_y": 466,
  "size_z": 76,
  "snr_csf": 4.7984599605661815,
  "snr_gm": 15.496247434392895,
  "snr_total": 14.814154679152333,
  "snr_wm": 24.147756642497924,
  "snrd_csf": 16.5955718903307,
  "snrd_gm": 28.32425776509988,
  "snrd_total": 27.033089799382747,
  "snrd_wm": 36.17943974271766,
  "spacing_x": 0.46880000829696655,
  "spacing_y": 0.46880000829696655,
  "spacing_z": 2.0001027584075928,
  "summary_bg_k": 14.993328920015536,
  "summary_bg_mad": 17.972646713256836,
  "summary_bg_mean": 31.640960693359375,
  "summary_bg_median": 28.30868911743164,
  "summary_bg_n": 3781289.0,
  "summary_bg_p05": 6.828671455383303,
  "summary_bg_p95": 66.89365997314451,
  "summary_bg_stdv": 20.217121124267578,
  "summary_csf_k": 5.9914265651814205,
  "summary_csf_mad": 104.74534606933594,
  "summary_csf_mean": 450.45880126953125,
  "summary_csf_median": 455.273681640625,
  "summary_csf_n": 583790.0,
  "summary_csf_p05": 300.04514465332034,
  "summary_csf_p95": 590.9361633300781,
  "summary_csf_stdv": 94.87904357910156,
  "summary_gm_k": -0.2077670317532565,
  "summary_gm_mad": 52.048892974853516,
  "summary_gm_mean": 777.0438842773438,
  "summary_gm_median": 777.0319213867188,
  "summary_gm_n": 795709.0,
  "summary_gm_p05": 694.638134765625,
  "summary_gm_p95": 858.6694946289062,
  "summary_gm_stdv": 50.1431999206543,
  "summary_wm_k": 0.7454282946090127,
  "summary_wm_mad": 40.1582145690918,
  "summary_wm_mean": 993.2891845703125,
  "summary_wm_median": 992.526611328125,
  "summary_wm_n": 964024.0,
  "summary_wm_p05": 927.1632781982422,
  "summary_wm_p95": 1061.4645751953126,
  "summary_wm_stdv": 41.10220718383789,
  "tpm_overlap_csf": 0.25511226058006287,
  "tpm_overlap_gm": 0.49776455760002136,
  "tpm_overlap_wm": 0.5715380907058716,
  "wm2max": 0.583782015744573
}