{
  "bids_meta": {
    "modality": "T1w",
    "subject_id": "12"
  },
  "cjv": 0.7579606603601798,
  "cnr": 1.7616300444249766,
  "efc": 0.6844008929786408,
  "fber": 499.26776123046875,
  "fwhm_avg": 6.618244253679424,
  "fwhm_x": 8.341616746565455,
  "fwhm_y": 8.40390343488288,
  "fwhm_z": 3.1092125795899346,
  "icvs_csf": 0.22084223841958367,
  "icvs_gm": 0.4306867053606372,
  "icvs_wm": 0.34847105621977914,
  "inu_med": 1.0096908807754517,
  "inu_range": 0.35681252479553205,
  "provenance": {
    "md5sum": "e6bf8657ed8bbff8d40837374ae510fd",
    "settings": {
      "testing": false
    },
    "software": "mriqc",
    "version": "0.9.7",
    "warnings": {
      "large_rot_frame": true,
      "small_air_mask": false
    }
  },
  "qi_1": 0.0,
  "qi_2": 0.000662683720662924,
  "rpve_csf": 12.587118679290848,
  "rpve_gm": 6.787522581107544,
  "rpve_wm": 9.342622275436767,
  "size_x": 358,
  "size_y": 475,
  "size_z": 78,
  "snr_csf": 2.902407773225332,
  "snr_gm": 13.592921551013253,
  "snr_total": 10.413820567238945,
  "snr_wm": 14.746132377478254,
  "snrd_csf": 16.16906269328848,
  "snrd_gm": 26.099173779756168,
  "snrd_total": 24.526311085034184,
  "snrd_wm": 31.31069678205791,
  "spacing_x": 0.46880000829696655,
  "spacing_y": 0.46880000829696655,
  "spacing_z": 2.0000112056732178,
  "summary_bg_k": 64.37296244332116,
  "summary_bg_mad": 20.941499710083008,
  "summary_bg_mean": 37.04865264892578,
  "summary_bg_median": 33.07994842529297,
  "summary_bg_n": 3612091.0,
  "summary_bg_p05": 8.14215612411499,
  "summary_bg_p95": 78.82073974609375,
  "summary_bg_stdv": 23.851497650146484,
  "summary_csf_k": 25.43049115291538,
  "summary_csf_mad": 124.494140625,
  "summary_csf_mean": 529.4652099609375,
  "summary_csf_median": 516.845703125,
  "summary_csf_n": 506058.0,
  "summary_csf_p05": 339.1761505126953,
  "summary_csf_p95": 692.8277069091795,
  "summary_csf_stdv": 178.0746307373047,
  "summary_gm_k": -0.08195385925587217,
  "summary_gm_mad": 62.09550476074219,
  "summary_gm_mean": 834.8619995117188,
  "summary_gm_median": 834.2626953125,
  "summary_gm_n": 825094.0,
  "summary_gm_p05": 735.0646209716797,
  "summary_gm_p95": 937.153402709961,
  "summary_gm_stdv": 61.374752044677734,
  "summary_wm_k": 2.6081191431019066,
  "summary_wm_mad": 64.1707763671875,
  "summary_wm_mean": 1007.0748291015625,
  "summary_wm_median": 1000.8495483398438,
  "summary_wm_n": 848415.0,
  "summary_wm_p05": 909.938916015625,
  "summary_wm_p95": 1122.227197265625,
  "summary_wm_stdv": 67.87196350097656,
  "tpm_overlap_csf": 0.23229920864105225,
  "tpm_overlap_gm": 0.5028641819953918,
  "tpm_overlap_wm": 0.5339857339859009,
  "wm2max": 0.48385413741830047
}