{
  "bids_meta": {
    "modality": "T1w",
    "subject_id": "02"
  },
  "cjv": 0.49142203793637507,
  "cnr": 2.6421911317078064,
  "efc": 0.6708734172509468,
  "fber": 726.5620727539062,
  "fwhm_avg": 7.301511743675694,
  "fwhm_x": 8.962627827724779,
  "fwhm_y": 9.492427306402833,
  "fwhm_z": 3.449480096899472,
  "icvs_csf": 0.22945296055318876,
  "icvs_gm": 0.42992757723951547,
  "icvs_wm": 0.3406194622072957,
  "inu_med": 0.8698996901512146,
  "inu_range": 0.25699976086616527,
  "provenance": {
    "md5sum": "7f86da5ee2e1fe1468611c4892827d77",
    "settings": {
      "testing": false
    },
    "software": "mriqc",
    "version": "0.9.7",
    "warnings": {
      "large_rot_frame": true,
      "small_air_mask": false
    }
  },
  "qi_1": 0.0,
  "qi_2": 0.0005504596687586641,
  "rpve_csf": 12.051687913697524,
  "rpve_gm": 6.79329485336041,
  "rpve_wm": 9.616006324275048,
  "size_x": 357,
  "size_y": 431,
  "size_z": 100,
  "snr_csf": 2.526089731659922,
  "snr_gm": 14.95497813299514,
  "snr_total": 12.602155015514205,
  "snr_wm": 20.325397181887546,
  "snrd_csf": 20.2235057602159,
  "snrd_gm": 32.09149562497526,
  "snrd_total": 30.79128946664386,
  "snrd_wm": 40.058867014740414,
  "spacing_x": 0.46880000829696655,
  "spacing_y": 0.46880000829696655,
  "spacing_z": 2.0001680850982666,
  "summary_bg_k": 18.250867323168606,
  "summary_bg_mad": 16.2899169921875,
  "summary_bg_mean": 28.934476852416992,
  "summary_bg_median": 25.30617904663086,
  "summary_bg_n": 4152636.0,
  "summary_bg_p05": 6.292989611625671,
  "summary_bg_p95": 63.27493667602539,
  "summary_bg_stdv": 19.320552825927734,
  "summary_csf_k": 15.887669240867123,
  "summary_csf_mad": 116.41958618164062,
  "summary_csf_mean": 523.2894897460938,
  "summary_csf_median": 502.85595703125,
  "summary_csf_n": 629330.0,
  "summary_csf_p05": 325.2685943603516,
  "summary_csf_p95": 675.4807098388671,
  "summary_csf_stdv": 199.06480407714844,
  "summary_gm_k": -0.08004860284001802,
  "summary_gm_mad": 53.68234634399414,
  "summary_gm_mean": 799.4940795898438,
  "summary_gm_median": 797.95263671875,
  "summary_gm_n": 984663.0,
  "summary_gm_p05": 714.1048706054687,
  "summary_gm_p95": 890.1100891113281,
  "summary_gm_stdv": 53.356964111328125,
  "summary_wm_k": 3.2737265277750316,
  "summary_wm_mad": 43.67233657836914,
  "summary_wm_mean": 1000.1919555664062,
  "summary_wm_median": 996.0607299804688,
  "summary_wm_n": 980454.0,
  "summary_wm_p05": 928.6818817138671,
  "summary_wm_p95": 1081.6808715820312,
  "summary_wm_stdv": 49.00569534301758,
  "tpm_overlap_csf": 0.2000655233860016,
  "tpm_overlap_gm": 0.5052832961082458,
  "tpm_overlap_wm": 0.5580950975418091,
  "wm2max": 0.5823383729332541
}